,Car Brand,Varient,Year released,car_transmission,Kilometers_travelled,owned,fuel_varient,price,emi_available
0,Volkswagen,Polo,2021,Manual,"2,814",1st,Petrol,"₹6,76,999","₹13,235/month"
1,Hyundai,i10,2010,Manual,"51,606",2nd,Petrol,"₹2,46,499","₹4,819/month"
2,Hyundai,i10,2014,Manual,"18,897",1st,Petrol,"₹3,51,399","₹6,870/month"
3,Maruti,Swift,2021,Manual,"82,591",1st,Petrol,"₹6,81,399","₹13,321/month"
4,Hyundai,i10,2012,Manual,"39,515",1st,Petrol,"₹3,13,899","₹6,137/month"
5,Maruti,Alto  K10,2017,Manual,"89,973",2nd,Petrol,"₹3,04,699","₹5,957/month"
6,Maruti,Alto  800,2013,Manual,"32,345",2nd,Petrol,"₹2,67,899","₹5,237/month"
7,Honda,City,2010,Manual,"71,164",2nd,Petrol,"₹4,59,599","₹8,985/month"
8,Hyundai,i10,2011,Manual,"61,657",1st,Petrol,"₹3,07,299","₹6,008/month"
9,Maruti,Swift,2020,Manual,"9,929",2nd,Petrol,"₹6,52,199","₹12,751/month"
10,Maruti,Swift  Dzire,2013,Manual,"47,478",2nd,Diesel,"₹4,90,599","₹9,591/month"
11,Hyundai,i20,2011,Manual,"44,456",3rd,Petrol,"₹3,64,199","₹7,120/month"
12,Volkswagen,Polo,2019,Manual,"58,597",1st,Petrol,"₹5,71,749","₹11,178/month"
13,Maruti,Alto  K10,2015,Manual,"2,35,466",1st,Petrol,"₹2,57,299","₹5,030/month"
14,Maruti,Alto  K10,2011,Manual,"46,121",1st,Petrol,"₹2,30,099","₹4,498/month"
15,Renault,Kwid,2019,Manual,"39,106",1st,Petrol,"₹3,80,499","₹7,439/month"
16,Hyundai,i10,2012,Automatic,"68,072",2nd,Petrol,"₹3,81,199","₹7,453/month"
17,Maruti,Swift,2021,Manual,"45,155",1st,Petrol,"₹7,12,399","₹13,928/month"
18,Maruti,Swift,2012,Manual,"85,384",1st,Petrol,"₹4,04,199","₹7,902/month"
19,Volkswagen,Polo,2016,Manual,"79,315",2nd,Petrol,"₹5,14,999","₹10,068/month"
20,Hyundai,i10,2012,Automatic,"46,988",2nd,Petrol,"₹3,90,699","₹7,638/month"
21,Maruti,Alto  K10,2018,Manual,"6,593",1st,Petrol,"₹4,00,199","₹7,824/month"
22,Maruti,Swift,2021,Manual,"23,957",1st,Petrol,"₹8,79,199","₹16,510/month"
24,Volkswagen,Polo,2019,Manual,"59,938",1st,Petrol,"₹5,80,799","₹11,355/month"
25,Renault,Kwid,2019,Manual,"45,777",1st,Petrol,"₹4,23,899","₹8,287/month"
26,Volkswagen,Polo,2019,Manual,"55,704",1st,Petrol,"₹5,85,499","₹11,447/month"
27,Hyundai,i10,2012,Automatic,"72,233",3rd,Petrol,"₹3,89,599","₹7,617/month"
28,Hyundai,Grand  i10,2016,Manual,"11,481",2nd,Petrol,"₹4,87,599","₹9,533/month"
29,Hyundai,Creta,2016,Manual,"59,687",1st,Diesel,"₹11,07,099","₹20,790/month"
30,Volkswagen,Polo,2019,Manual,"94,434",2nd,Petrol,"₹5,35,099","₹10,461/month"
31,Maruti,Swift,2015,Manual,"89,068",2nd,Diesel,"₹5,31,599","₹10,393/month"
32,Datsun,Go,2015,Manual,"53,902",1st,Petrol,"₹2,92,099","₹5,711/month"
33,Honda,Brio,2012,Manual,"38,905",1st,Petrol,"₹3,92,899","₹7,681/month"
34,Hyundai,Grand  i10,2018,Manual,"82,589",1st,Petrol,"₹4,66,799","₹9,126/month"
35,Maruti,Celerio,2017,Manual,"78,499",2nd,Petrol,"₹4,37,699","₹8,557/month"
36,Hyundai,Elite  i20,2019,Manual,"77,575",1st,Petrol,"₹7,09,599","₹13,873/month"
37,Hyundai,i10,2014,Manual,"87,581",1st,Petrol,"₹3,94,099","₹7,705/month"
38,Maruti,Swift,2017,Manual,"67,341",1st,Petrol,"₹5,73,499","₹11,212/month"
39,Hyundai,i10,2016,Manual,"36,863",3rd,Petrol,"₹3,71,599","₹7,265/month"
40,Maruti,Swift,2015,Manual,"63,340",2nd,Petrol,"₹4,57,799","₹8,950/month"
41,Maruti,Swift,2014,Manual,"54,514",3rd,Petrol,"₹4,48,099","₹8,760/month"
43,Maruti,Ertiga,2018,Manual,"68,275",1st,Diesel,"₹10,28,899","₹19,322/month"
44,Hyundai,Santro  Xing,2013,Manual,"76,196",2nd,Petrol,"₹3,01,899","₹5,902/month"
45,Maruti,Celerio,2016,Manual,"17,399",1st,Petrol,"₹4,11,899","₹8,053/month"
46,Maruti,Alto  K10,2014,Manual,"33,499",3rd,Petrol,"₹2,74,999","₹5,376/month"
47,Maruti,Alto  800,2015,Manual,"70,844",2nd,Petrol,"₹2,78,799","₹5,451/month"
49,Hyundai,Accent,2009,Manual,"83,761",2nd,Petrol,"₹2,44,099","₹4,772/month"
50,Hyundai,i10,2012,Manual,"59,649",1st,Petrol,"₹3,40,499","₹6,657/month"
51,Mahindra,Scorpio,2021,Manual,"43,923",1st,Diesel,"₹19,76,899","₹37,124/month"
52,Maruti,Celerio,2017,Automatic,"79,144",1st,Petrol,"₹4,74,199","₹9,271/month"
53,Hyundai,Grand  i10,2014,Manual,"38,839",1st,Petrol,"₹4,85,199","₹9,486/month"
54,Maruti,Swift,2020,Automatic,"63,988",1st,Petrol,"₹7,91,799","₹15,480/month"
55,Datsun,Redi  Go,2021,Manual,"2,188",1st,Petrol,"₹5,11,299","₹9,996/month"
56,Volkswagen,Polo,2020,Manual,"9,909",1st,Petrol,"₹7,10,599","₹13,892/month"
57,Nissan,Micra,2014,Automatic,"60,588",1st,Petrol,"₹4,47,699","₹8,753/month"
58,Maruti,Swift,2018,Automatic,"87,828",1st,Petrol,"₹6,44,999","₹12,610/month"
59,Hyundai,i20,2011,Manual,"93,085",3rd,Petrol,"₹3,74,199","₹7,316/month"
60,Tata,TIGOR,2021,Manual,"16,667",1st,Petrol,"₹7,99,699","₹15,634/month"
61,Maruti,Eeco,2017,Manual,"45,548",1st,Petrol,"₹4,23,099","₹8,272/month"
62,Hyundai,Grand  i10,2019,Manual,"36,278",2nd,Petrol,"₹5,13,299","₹10,035/month"
63,Hyundai,Grand  i10,2014,Manual,"46,266",2nd,Petrol,"₹4,57,199","₹8,938/month"
65,Hyundai,Grand  i10,2017,Manual,"71,412",1st,Petrol,"₹4,41,699","₹8,635/month"
66,Maruti,Ciaz,2020,Automatic,"17,072",1st,Petrol,"₹11,46,199","₹21,524/month"
67,Hyundai,Eon,2013,Manual,"61,733",2nd,Petrol,"₹2,92,799","₹5,724/month"
68,Maruti,Wagon  R  1.0,2018,Manual,"43,922",2nd,Petrol,"₹4,04,799","₹7,914/month"
69,Hyundai,Grand  i10,2015,Manual,"45,783",3rd,Petrol,"₹4,06,799","₹7,953/month"
70,Maruti,Alto  800,2015,Manual,"45,126",3rd,Petrol,"₹2,65,499","₹5,191/month"
71,Maruti,Alto  800,2017,Manual,"34,208",2nd,Petrol,"₹2,94,099","₹5,750/month"
72,Hyundai,i10,2016,Manual,"45,568",1st,Petrol,"₹4,30,899","₹8,424/month"
73,Honda,Brio,2013,Manual,"73,854",2nd,Petrol,"₹3,81,699","₹7,462/month"
74,Hyundai,NEW  SANTRO,2018,Manual,"5,309",2nd,Petrol,"₹5,20,049","₹10,167/month"
75,Hyundai,i10,2013,Manual,"95,941",1st,Petrol,"₹3,83,999","₹7,507/month"
76,Renault,Duster,2018,Manual,"41,076",1st,Petrol,"₹6,99,099","₹13,668/month"
77,Hyundai,Eon,2014,Manual,"75,885",2nd,Petrol,"₹2,92,799","₹5,724/month"
78,Honda,Jazz,2017,Manual,"83,510",1st,Petrol,"₹5,48,699","₹10,727/month"
79,Honda,BR-V,2017,Automatic,"91,057",2nd,Petrol,"₹7,38,299","₹14,434/month"
80,Maruti,Celerio,2015,Automatic,"67,505",1st,Petrol,"₹4,26,199","₹8,332/month"
81,Maruti,Swift,2017,Manual,"68,228",1st,Petrol,"₹6,25,299","₹12,225/month"
83,Tata,Tiago,2021,Manual,"42,713",2nd,Petrol,"₹6,13,299","₹11,990/month"
84,Tata,Tiago,2019,Automatic,"13,014",2nd,Petrol,"₹5,78,599","₹11,312/month"
85,Hyundai,Eon,2016,Manual,"95,153",1st,Petrol,"₹3,11,999","₹6,100/month"
86,Renault,Duster,2019,Manual,"43,729",1st,Diesel,"₹12,08,599","₹22,696/month"
87,Hyundai,Elite  i20,2016,Manual,"45,853",3rd,Petrol,"₹6,14,199","₹12,008/month"
88,Honda,Brio,2012,Manual,"73,750",2nd,Petrol,"₹3,79,799","₹7,425/month"
89,Maruti,Alto  800,2017,Manual,"58,232",1st,Petrol,"₹2,91,099","₹5,691/month"
90,Hyundai,NEW  SANTRO,2019,Manual,"19,248",1st,Petrol,"₹4,71,799","₹9,224/month"
92,Hyundai,Grand  i10,2016,Manual,"57,315",1st,Petrol,"₹4,48,099","₹8,760/month"
93,Tata,ALTROZ,2020,Manual,"22,085",1st,Petrol,"₹7,87,399","₹15,394/month"
94,Hyundai,Creta,2022,Automatic,"15,422",1st,Petrol,"₹19,39,399","₹36,420/month"
95,Hyundai,Grand  i10,2020,Manual,"38,527",2nd,Petrol,"₹5,79,499","₹11,329/month"
96,Hyundai,Grand  i10,2018,Manual,"15,743",2nd,Petrol,"₹5,60,999","₹10,968/month"
97,Hyundai,Eon,2018,Manual,"86,599",1st,Petrol,"₹3,78,199","₹7,394/month"
98,Honda,City,2018,Automatic,"15,410",1st,Petrol,"₹11,99,599","₹22,527/month"
99,Honda,Jazz,2017,Manual,"46,974",1st,Petrol,"₹5,19,299","₹10,152/month"
100,Hyundai,Grand  i10,2018,Manual,"46,262",2nd,Petrol,"₹5,44,499","₹10,645/month"
101,Hyundai,Eon,2015,Manual,"76,784",2nd,Petrol,"₹2,94,699","₹5,761/month"
102,Hyundai,Grand  i10,2014,Automatic,"75,454",1st,Petrol,"₹4,83,899","₹9,460/month"
103,Ford,Ecosport,2020,Manual,"19,385",2nd,Diesel,"₹9,97,399","₹18,730/month"
104,Hyundai,i10,2013,Manual,"85,859",2nd,Petrol,"₹3,75,899","₹7,349/month"
105,Honda,City,2013,Manual,"34,987",1st,Petrol,"₹5,97,399","₹11,679/month"
106,Maruti,S  Cross,2020,Manual,"33,085",1st,Diesel,"₹10,83,099","₹20,339/month"
107,Maruti,New  Wagon-R,2021,Manual,"8,905",1st,Petrol,"₹6,54,299","₹12,792/month"
108,Hyundai,Grand  i10,2016,Manual,"42,389",2nd,Petrol,"₹4,80,399","₹9,392/month"
109,Hyundai,Eon,2016,Manual,"25,485",1st,Petrol,"₹3,24,099","₹6,336/month"
110,Volkswagen,Polo,2019,Manual,"13,214",1st,Petrol,"₹7,82,699","₹15,302/month"
111,Hyundai,VENUE,2021,Manual,"3,273",1st,Petrol,"₹9,46,699","₹17,778/month"
112,Hyundai,NEW  SANTRO,2019,Automatic,"17,473",1st,Petrol,"₹5,34,699","₹10,453/month"
113,Hyundai,VENUE,2019,Automatic,"65,655",1st,Petrol,"₹10,97,199","₹20,604/month"
114,Hyundai,Grand  i10,2016,Manual,"12,062",1st,Petrol,"₹5,19,799","₹10,162/month"
115,Hyundai,Grand  i10,2018,Manual,"52,904",2nd,Diesel,"₹4,98,199","₹9,740/month"
116,Maruti,New  Wagon-R,2020,Automatic,"36,745",1st,Petrol,"₹5,84,099","₹11,419/month"
117,Hyundai,Eon,2018,Manual,"44,638",1st,Petrol,"₹3,74,899","₹7,329/month"
118,KIA,SELTOS,2020,Manual,"26,776",1st,Petrol,"₹14,44,399","₹27,124/month"
119,Hyundai,Grand  i10,2016,Manual,"22,497",1st,Petrol,"₹4,77,499","₹9,335/month"
120,Renault,Duster,2019,Automatic,"31,558",1st,Petrol,"₹7,64,799","₹14,952/month"
121,Maruti,Baleno,2016,Manual,"32,737",1st,Petrol,"₹6,54,199","₹12,790/month"
122,Hyundai,Eon,2017,Manual,"43,202",1st,Petrol,"₹3,39,599","₹6,639/month"
123,Maruti,Celerio,2017,Automatic,"56,581",1st,Petrol,"₹4,82,099","₹9,425/month"
124,Hyundai,Elite  i20,2017,Manual,"81,087",2nd,Diesel,"₹6,69,199","₹13,083/month"
125,Maruti,Alto  800,2018,Manual,"14,510",3rd,Petrol,"₹3,37,699","₹6,602/month"
126,Maruti,Alto,2022,Manual,610,1st,Petrol,"₹4,72,799","₹9,243/month"
127,Hyundai,Elite  i20,2017,Manual,"69,816",1st,Petrol,"₹6,29,399","₹12,305/month"
128,Tata,Tiago,2019,Manual,"25,987",1st,Petrol,"₹6,23,899","₹12,197/month"
129,Hyundai,Creta,2018,Manual,"69,201",1st,Diesel,"₹9,73,899","₹18,289/month"
130,Hyundai,Grand  i10,2015,Manual,"89,506",2nd,Petrol,"₹4,49,999","₹8,798/month"
131,Maruti,Swift,2017,Manual,"45,733",2nd,Petrol,"₹6,26,999","₹12,258/month"
132,Hyundai,Grand  i10,2015,Manual,"74,864",1st,Petrol,"₹4,41,899","₹8,639/month"
133,Maruti,Vitara  Brezza,2020,Manual,"16,040",1st,Petrol,"₹10,18,199","₹19,121/month"
134,Hyundai,Xcent,2017,Manual,"57,473",1st,Petrol,"₹5,37,099","₹10,500/month"
135,Maruti,Alto  800,2018,Manual,"33,539",1st,Petrol,"₹3,09,699","₹6,055/month"
136,Hyundai,Elite  i20,2017,Manual,"19,879",1st,Petrol,"₹6,52,999","₹12,766/month"
137,Hyundai,Eon,2014,Manual,"61,187",3rd,Petrol,"₹2,98,399","₹5,834/month"
138,Hyundai,Creta,2016,Manual,"84,933",1st,Petrol,"₹9,25,099","₹17,372/month"
139,Maruti,XL6,2020,Automatic,"29,511",2nd,Petrol,"₹11,37,399","₹21,359/month"
140,Hyundai,NEW  SANTRO,2019,Manual,"44,530",1st,Petrol,"₹5,03,999","₹9,853/month"
141,Maruti,S  PRESSO,2020,Manual,"75,875",1st,Petrol,"₹4,09,999","₹8,016/month"
142,KIA,SELTOS,2020,Automatic,"57,851",1st,Diesel,"₹14,92,599","₹28,029/month"
143,Tata,ALTROZ,2020,Manual,"45,026",1st,Petrol,"₹7,84,499","₹15,337/month"
144,Tata,Tiago,2018,Automatic,"73,226",2nd,Petrol,"₹5,06,799","₹9,908/month"
145,Hyundai,Verna,2017,Manual,"66,150",2nd,Petrol,"₹6,86,599","₹13,423/month"
146,Tata,Tiago,2019,Manual,"14,923",1st,Petrol,"₹6,15,699","₹12,037/month"
147,Maruti,OMNI  E,2018,Manual,"48,114",1st,Petrol,"₹3,14,199","₹6,143/month"
148,Maruti,Vitara  Brezza,2021,Manual,"32,272",1st,Petrol,"₹10,27,699","₹19,299/month"
149,Hyundai,NEW  SANTRO,2019,Manual,"42,825",2nd,Petrol,"₹5,06,199","₹9,896/month"
150,Maruti,Ciaz,2017,Manual,"75,329",2nd,Petrol,"₹6,32,099","₹12,358/month"
151,Hyundai,NEW  SANTRO,2019,Manual,"72,900",1st,Petrol,"₹4,93,299","₹9,644/month"
152,Maruti,S  PRESSO,2022,Manual,"14,145",1st,Petrol,"₹6,12,899","₹11,982/month"
153,Skoda,Rapid,2017,Automatic,"43,390",2nd,Petrol,"₹8,98,099","₹16,865/month"
154,Maruti,New  Wagon-R,2019,Manual,"39,641",1st,Petrol,"₹5,29,499","₹10,352/month"
155,Maruti,New  Wagon-R,2019,Manual,"41,864",1st,CNG,"₹5,46,499","₹10,684/month"
156,Maruti,S  PRESSO,2020,Manual,"4,209",1st,Petrol,"₹5,22,899","₹10,223/month"
157,Hyundai,Verna,2021,Manual,"14,399",1st,Diesel,"₹15,38,399","₹28,890/month"
158,Maruti,Alto  800,2018,Manual,"23,018",1st,Petrol,"₹3,28,899","₹6,430/month"
159,Hyundai,Xcent,2014,Manual,"45,590",1st,Diesel,"₹4,27,599","₹8,360/month"
160,Hyundai,NEW  SANTRO,2019,Manual,"19,126",1st,Petrol,"₹5,23,099","₹10,227/month"
161,Honda,Brio,2015,Manual,"96,899",1st,Petrol,"₹3,88,499","₹7,595/month"
162,KIA,SELTOS,2019,Automatic,"69,325",1st,Diesel,"₹16,93,299","₹31,798/month"
163,Hyundai,Xcent,2015,Manual,"34,945",3rd,Petrol,"₹4,51,599","₹8,829/month"
164,Maruti,Alto,2021,Manual,"3,373",1st,Petrol,"₹4,35,599","₹8,516/month"
165,Maruti,Baleno,2019,Manual,"75,035",2nd,Diesel,"₹6,16,799","₹12,059/month"
166,Honda,Jazz,2015,Manual,"82,373",3rd,Petrol,"₹5,39,549","₹10,548/month"
167,Maruti,Alto  800,2019,Manual,"79,158",1st,Petrol,"₹3,08,899","₹6,039/month"
168,Hyundai,Grand  i10,2014,Manual,"83,083",2nd,Petrol,"₹4,33,399","₹8,473/month"
169,Ford,New  Figo,2016,Automatic,"56,619",2nd,Petrol,"₹5,36,999","₹10,498/month"
170,Toyota,Etios  Liva,2015,Manual,"93,842",1st,Diesel,"₹5,90,899","₹11,552/month"
171,Maruti,Alto  800,2017,Manual,"62,903",2nd,Petrol,"₹3,03,399","₹5,932/month"
172,Hyundai,Elite  i20,2020,Manual,"58,748",1st,Petrol,"₹7,80,099","₹15,251/month"
173,Maruti,Wagon  R  1.0,2018,Manual,"12,453",3rd,Petrol,"₹4,51,099","₹8,819/month"
174,Maruti,Wagon  R  1.0,2017,Manual,"72,931",1st,Petrol,"₹3,78,399","₹7,398/month"
175,Hyundai,NEW  SANTRO,2021,Automatic,"20,648",1st,Petrol,"₹6,52,599","₹12,758/month"
176,Maruti,Alto  800,2019,Manual,"41,731",2nd,Petrol,"₹3,09,499","₹6,051/month"
177,Mahindra,Scorpio,2020,Manual,"47,827",1st,Diesel,"₹16,21,999","₹30,459/month"
178,Maruti,Ciaz,2015,Manual,"64,094",1st,Petrol,"₹6,33,299","₹12,381/month"
179,Maruti,Wagon  R  1.0,2017,Manual,"55,430",1st,CNG,"₹4,34,099","₹8,487/month"
180,Honda,Jazz,2015,Manual,"77,876",1st,Petrol,"₹5,45,899","₹10,672/month"
181,Skoda,Rapid,2020,Manual,"20,517",1st,Petrol,"₹9,42,599","₹17,701/month"
182,Hyundai,Creta,2017,Manual,"94,930",1st,Diesel,"₹9,32,199","₹17,506/month"
183,Jeep,Compass,2017,Manual,"89,091",1st,Diesel,"₹12,15,699","₹22,830/month"
184,Hyundai,Grand  i10,2017,Manual,"72,123",1st,Petrol,"₹5,08,999","₹9,951/month"
185,Honda,Jazz,2016,Automatic,"37,247",1st,Petrol,"₹6,74,799","₹13,192/month"
186,Volkswagen,Polo,2021,Manual,"20,397",1st,Petrol,"₹9,66,399","₹18,148/month"
187,Maruti,Wagon  R  Stingray,2014,Manual,"79,942",1st,Petrol,"₹3,80,899","₹7,447/month"
188,Maruti,Vitara  Brezza,2021,Automatic,"3,191",1st,Petrol,"₹12,72,799","₹23,902/month"
189,Hyundai,i20,2014,Manual,"91,606",2nd,Diesel,"₹5,16,999","₹10,107/month"
190,Honda,Brio,2014,Manual,"73,873",1st,Petrol,"₹3,82,699","₹7,482/month"
191,Hyundai,Creta,2017,Manual,"78,569",1st,Diesel,"₹12,23,299","₹22,972/month"
192,Maruti,Ciaz,2018,Manual,"97,955",1st,Diesel,"₹7,17,299","₹14,023/month"
193,Hyundai,Grand  i10,2017,Manual,"77,210",1st,Petrol,"₹5,11,399","₹9,998/month"
194,Maruti,Alto  K10,2015,Automatic,"18,170",1st,Petrol,"₹3,47,399","₹6,792/month"
195,Maruti,Dzire,2021,Manual,"74,335",1st,Petrol,"₹7,01,199","₹13,709/month"
196,KIA,SELTOS,2019,Automatic,"45,343",1st,Petrol,"₹17,20,699","₹32,313/month"
197,Hyundai,VENUE,2019,Manual,"61,035",2nd,Diesel,"₹11,11,199","₹20,867/month"
198,Maruti,Wagon  R  1.0,2018,Manual,"53,601",1st,Petrol,"₹4,27,699","₹8,362/month"
199,Mahindra,Thar,2017,Manual,"46,157",2nd,Diesel,"₹7,81,699","₹15,282/month"
200,Maruti,Ciaz,2022,Manual,"4,461",1st,Petrol,"₹12,03,999","₹22,610/month"
201,Honda,Jazz,2018,Manual,"80,871",2nd,Diesel,"₹6,55,099","₹12,807/month"
202,Hyundai,Elite  i20,2017,Manual,"65,935",1st,Petrol,"₹6,47,299","₹12,655/month"
203,Datsun,Redi  Go,2021,Automatic,"17,487",1st,Petrol,"₹5,33,399","₹10,428/month"
204,Ford,Ecosport,2014,Manual,"83,306",1st,Petrol,"₹6,40,799","₹12,528/month"
205,Maruti,Alto  800,2018,Manual,"67,910",1st,Petrol,"₹3,08,999","₹6,041/month"
206,Maruti,Wagon  R  1.0,2017,Manual,"81,492",2nd,Petrol,"₹4,14,999","₹8,113/month"
207,Hyundai,Grand  i10,2015,Automatic,"78,169",2nd,Petrol,"₹5,12,799","₹10,025/month"
208,Honda,City,2015,Manual,"72,001",2nd,Petrol,"₹6,78,299","₹13,261/month"
210,Hyundai,Eon,2017,Manual,"51,249",1st,Petrol,"₹3,32,099","₹6,493/month"
211,Hyundai,Grand  i10,2018,Manual,"96,783",1st,Petrol,"₹5,12,299","₹10,016/month"
212,Maruti,Alto  800,2019,Manual,"67,446",2nd,Petrol,"₹3,52,899","₹6,899/month"
213,Maruti,Wagon  R  1.0,2014,Manual,"59,350",2nd,Petrol,"₹3,56,799","₹6,975/month"
214,Maruti,Wagon  R  1.0,2017,Manual,"43,102",2nd,Petrol,"₹4,12,199","₹8,059/month"
215,KIA,SELTOS,2019,Manual,"22,924",2nd,Petrol,"₹13,46,899","₹25,293/month"
216,Maruti,Wagon  R  1.0,2013,Manual,"54,727",2nd,Petrol,"₹3,29,099","₹6,434/month"
217,Tata,NEXON,2021,Automatic,"2,653",1st,Petrol,"₹11,55,199","₹21,693/month"
218,Hyundai,Creta,2017,Manual,"82,716",1st,Diesel,"₹12,65,699","₹23,769/month"
219,Honda,Jazz,2016,Automatic,"42,524",2nd,Petrol,"₹6,75,199","₹13,200/month"
220,Maruti,Wagon  R  1.0,2016,Manual,"50,663",2nd,Petrol,"₹3,96,099","₹7,744/month"
221,Hyundai,Grand  i10,2016,Automatic,"65,462",1st,Petrol,"₹5,43,599","₹10,627/month"
222,Hyundai,i20  Active,2016,Manual,"84,634",2nd,Diesel,"₹6,92,799","₹13,544/month"
223,Hyundai,Elite  i20,2017,Manual,"48,779",1st,Petrol,"₹6,37,099","₹12,455/month"
224,Tata,Tiago,2018,Automatic,"43,676",1st,Petrol,"₹5,51,999","₹10,792/month"
225,Maruti,Wagon  R  1.0,2018,Manual,"64,160",1st,Petrol,"₹4,37,799","₹8,559/month"
226,Hyundai,Grand  i10,2019,Manual,"20,846",2nd,Petrol,"₹5,82,199","₹11,382/month"
227,Hyundai,Grand  i10,2017,Manual,"15,854",2nd,Petrol,"₹5,38,499","₹10,528/month"
228,Maruti,Dzire,2017,Manual,"54,189",2nd,Petrol,"₹6,46,099","₹12,631/month"
229,Hyundai,Grand  i10,2019,Manual,"96,631",1st,Petrol,"₹5,57,099","₹10,891/month"
230,Hyundai,VENUE,2020,Manual,"50,108",1st,Petrol,"₹9,91,399","₹18,617/month"
231,Maruti,Dzire,2018,Manual,"45,586",1st,Petrol,"₹6,51,099","₹12,729/month"
232,Maruti,S  PRESSO,2021,Manual,"6,300",1st,Petrol,"₹4,72,599","₹9,239/month"
233,Ford,Ecosport,2018,Manual,"67,076",1st,Diesel,"₹9,98,099","₹18,743/month"
234,Maruti,Alto  K10,2018,Manual,"79,907",2nd,Petrol,"₹4,00,099","₹7,822/month"
235,Hyundai,Creta,2019,Manual,"43,870",2nd,Diesel,"₹13,31,399","₹25,002/month"
236,Maruti,Wagon  R  1.0,2017,Manual,"45,363",1st,Petrol,"₹4,15,699","₹8,127/month"
237,Maruti,Baleno,2018,Manual,"75,191",1st,Petrol,"₹5,51,599","₹10,784/month"
238,Hyundai,Grand  i10,2019,Manual,"36,488",1st,Petrol,"₹5,65,299","₹11,052/month"
239,Maruti,Alto  800,2018,Manual,"30,589",2nd,Petrol,"₹3,26,699","₹6,387/month"
241,Maruti,Ciaz,2019,Automatic,"81,576",1st,Petrol,"₹7,77,499","₹15,200/month"
242,Hyundai,Grand  i10,2019,Manual,"32,719",1st,Petrol,"₹5,82,099","₹11,380/month"
243,Ford,FREESTYLE,2021,Manual,"27,282",1st,Diesel,"₹9,11,999","₹17,126/month"
244,Maruti,Wagon  R  1.0,2014,Manual,"20,120",3rd,Petrol,"₹3,94,899","₹7,720/month"
246,Honda,City,2017,Manual,"87,361",1st,Petrol,"₹7,70,899","₹15,071/month"
247,MG,HECTOR,2019,Automatic,"18,436",1st,Petrol,"₹16,74,224","₹31,440/month"
248,Maruti,Alto  800,2018,Manual,"22,441",1st,Petrol,"₹3,37,699","₹6,602/month"
249,Hyundai,Eon,2018,Manual,"58,146",2nd,Petrol,"₹3,66,099","₹7,157/month"
250,Volkswagen,Vento,2020,Manual,"21,907",2nd,Petrol,"₹10,30,699","₹19,355/month"
251,Hyundai,NEW  SANTRO,2020,Manual,"19,500",1st,Petrol,"₹5,58,699","₹10,923/month"
252,Hyundai,NEW  SANTRO,2019,Manual,"74,481",1st,Petrol,"₹4,70,699","₹9,202/month"
254,Ford,Ecosport,2021,Manual,"9,607",2nd,Petrol,"₹10,61,899","₹19,941/month"
255,Renault,TRIBER,2021,Manual,"41,216",1st,Petrol,"₹6,59,899","₹12,901/month"
256,Hyundai,GRAND  I10  NIOS,2021,Automatic,"3,280",1st,Petrol,"₹7,90,799","₹15,460/month"
257,Hyundai,Grand  i10,2019,Manual,"44,601",2nd,Petrol,"₹5,59,999","₹10,948/month"
258,Tata,NEXON,2019,Automatic,"92,846",1st,Diesel,"₹9,56,399","₹17,960/month"
259,Hyundai,GRAND  I10  NIOS,2020,Manual,"12,165",1st,Petrol,"₹6,80,799","₹13,310/month"
261,Jeep,Compass,2019,Manual,"77,081",1st,Diesel,"₹14,78,299","₹27,761/month"
262,Maruti,Wagon  R  1.0,2016,Manual,"34,946",2nd,Petrol,"₹4,16,999","₹8,152/month"
263,Skoda,Rapid,2017,Manual,"83,770",2nd,Diesel,"₹7,54,499","₹14,751/month"
264,Hyundai,Elite  i20,2017,Manual,"58,903",1st,Diesel,"₹7,33,699","₹14,344/month"
265,Datsun,Redi  Go,2018,Automatic,"40,759",1st,Petrol,"₹3,83,299","₹7,494/month"
266,Maruti,Alto  800,2018,Manual,"64,650",2nd,Petrol,"₹3,20,699","₹6,270/month"
267,Hyundai,NEW  SANTRO,2020,Automatic,"31,631",2nd,Petrol,"₹5,91,499","₹11,564/month"
268,Honda,City,2018,Manual,"74,708",1st,Petrol,"₹7,66,799","₹14,991/month"
269,Skoda,Rapid,2018,Automatic,"75,836",1st,Diesel,"₹7,54,499","₹14,751/month"
270,Maruti,Wagon  R  1.0,2018,Manual,"23,484",1st,Petrol,"₹4,76,499","₹9,316/month"
271,Hyundai,Creta,2017,Manual,"91,536",1st,Petrol,"₹9,97,199","₹18,726/month"
272,Toyota,Corolla  Altis,2009,Automatic,"95,772",2nd,Petrol,"₹5,56,299","₹10,876/month"
273,Hyundai,Grand  i10,2019,Manual,"36,543",1st,Petrol,"₹5,46,099","₹10,676/month"
274,Maruti,Wagon  R  1.0,2017,Manual,"57,522",1st,Petrol,"₹4,19,199","₹8,195/month"
275,Hyundai,Grand  i10,2020,Manual,"24,969",1st,Petrol,"₹5,82,099","₹11,380/month"
276,Maruti,Alto  K10,2017,Manual,"35,222",1st,Petrol,"₹3,76,499","₹7,361/month"
277,Hyundai,Grand  i10,2019,Manual,"65,057",1st,Petrol,"₹5,73,799","₹11,218/month"
278,Maruti,IGNIS,2018,Manual,"84,109",2nd,Petrol,"₹4,65,099","₹9,093/month"
279,Hyundai,Elite  i20,2018,Manual,"52,854",2nd,Diesel,"₹8,15,999","₹15,324/month"
280,Maruti,Wagon  R  1.0,2019,Manual,"33,450",2nd,Petrol,"₹4,65,499","₹9,101/month"
281,Hyundai,Grand  i10,2019,Manual,"66,230",1st,Petrol,"₹5,70,999","₹11,163/month"
282,Maruti,IGNIS,2018,Manual,"52,203",1st,Petrol,"₹5,01,799","₹9,810/month"
283,Honda,City,2017,Manual,"60,842",1st,Petrol,"₹7,64,699","₹14,950/month"
284,Hyundai,NEW  SANTRO,2020,Manual,"31,550",1st,Petrol,"₹5,38,699","₹10,532/month"
285,Hyundai,Elite  i20,2018,Manual,"80,579",1st,Petrol,"₹7,04,699","₹13,777/month"
286,Maruti,S  PRESSO,2020,Manual,"11,036",1st,Petrol,"₹5,07,999","₹9,931/month"
287,Hyundai,Grand  i10,2017,Manual,"50,191",2nd,Petrol,"₹5,29,599","₹10,354/month"
288,Honda,Jazz,2016,Manual,"72,290",1st,Petrol,"₹6,49,099","₹12,690/month"
289,Maruti,Alto  K10,2017,Manual,"39,794",1st,Petrol,"₹3,72,799","₹7,288/month"
290,Maruti,Vitara  Brezza,2019,Automatic,"47,374",1st,Diesel,"₹10,55,899","₹19,829/month"
291,Maruti,Vitara  Brezza,2020,Manual,"78,551",1st,Petrol,"₹9,27,199","₹17,412/month"
292,Maruti,Wagon  R  1.0,2014,Manual,"59,499",1st,Petrol,"₹3,65,999","₹7,155/month"
293,Hyundai,Verna,2018,Automatic,"90,344",1st,Diesel,"₹9,88,899","₹18,571/month"
294,Hyundai,Grand  i10,2017,Manual,"31,859",2nd,Petrol,"₹5,31,899","₹10,399/month"
295,Hyundai,Creta,2018,Manual,"31,788",1st,Petrol,"₹12,71,599","₹23,879/month"
296,Maruti,S  PRESSO,2020,Manual,"39,157",1st,Petrol,"₹4,61,699","₹9,026/month"
297,Hyundai,i20  Active,2016,Manual,"53,292",1st,Petrol,"₹6,50,199","₹12,712/month"
298,Hyundai,NEW  SANTRO,2019,Automatic,"35,906",1st,Petrol,"₹5,30,299","₹10,367/month"
299,MG,HECTOR,2020,Automatic,"18,546",1st,Petrol,"₹17,60,299","₹33,057/month"
300,Hyundai,Creta,2020,Manual,"57,923",1st,Diesel,"₹14,18,599","₹26,640/month"
301,Hyundai,Grand  i10,2017,Manual,"97,687",1st,Petrol,"₹5,59,499","₹10,938/month"
302,Maruti,Alto  800,2019,Manual,"15,794",1st,Petrol,"₹3,48,099","₹6,805/month"
303,Hyundai,GRAND  I10  NIOS,2020,Manual,"20,211",1st,Petrol,"₹6,80,799","₹13,310/month"
304,Maruti,Alto  K10,2017,Manual,"33,134",1st,Petrol,"₹3,61,799","₹7,073/month"
305,Maruti,Alto  K10,2017,Manual,"49,686",1st,Petrol,"₹3,73,699","₹7,306/month"
306,Maruti,Ciaz,2019,Manual,"30,901",2nd,Petrol,"₹8,52,599","₹16,011/month"
307,Maruti,Wagon  R  1.0,2013,Manual,"53,633",2nd,Petrol,"₹3,42,399","₹6,694/month"
308,Maruti,Celerio  X,2020,Manual,"29,715",1st,Petrol,"₹5,52,999","₹10,811/month"
309,Hyundai,Creta,2018,Manual,"50,591",1st,Diesel,"₹13,26,299","₹24,907/month"
310,Ford,FREESTYLE,2020,Manual,"16,900",1st,Petrol,"₹6,83,799","₹13,368/month"
311,Ford,Ecosport,2019,Manual,"61,406",1st,Petrol,"₹8,22,199","₹15,440/month"
312,Maruti,Alto  800,2019,Manual,"34,278",1st,Petrol,"₹3,20,699","₹6,270/month"
313,Hyundai,Grand  i10,2017,Manual,"28,645",2nd,Petrol,"₹5,38,799","₹10,534/month"
314,Maruti,Alto  K10,2018,Manual,"10,151",1st,Petrol,"₹4,21,199","₹8,235/month"
315,Maruti,S  Cross,2019,Manual,"64,527",2nd,Diesel,"₹10,35,999","₹19,455/month"
316,Ford,Ecosport,2018,Manual,"25,944",1st,Petrol,"₹8,04,199","₹15,102/month"
317,Tata,NEXON,2021,Manual,"14,248",1st,Petrol,"₹11,06,099","₹20,771/month"
318,Maruti,Wagon  R  1.0,2014,Manual,"76,151",1st,Petrol,"₹3,60,499","₹7,048/month"
319,Hyundai,Grand  i10,2018,Manual,"24,062",1st,Petrol,"₹5,42,399","₹10,604/month"
320,Hyundai,NEW  SANTRO,2019,Manual,"50,555",2nd,Petrol,"₹5,34,099","₹10,442/month"
321,Maruti,S  PRESSO,2019,Manual,"31,699",1st,Petrol,"₹4,63,099","₹9,054/month"
322,Maruti,Alto,2022,Manual,"2,172",1st,Petrol,"₹4,72,799","₹9,243/month"
323,Maruti,Alto  800,2019,Manual,"36,516",1st,Petrol,"₹3,19,799","₹6,252/month"
324,Maruti,Baleno,2016,Manual,"41,547",1st,Petrol,"₹6,54,199","₹12,790/month"
325,Maruti,Alto  K10,2019,Manual,"46,885",1st,Petrol,"₹4,02,799","₹7,875/month"
326,Maruti,Alto  K10,2018,Manual,"18,954",2nd,Petrol,"₹4,17,099","₹8,154/month"
327,Maruti,S  PRESSO,2021,Manual,"7,388",1st,Petrol,"₹5,05,299","₹9,879/month"
328,Hyundai,NEW  SANTRO,2020,Manual,"45,158",1st,Petrol,"₹5,42,699","₹10,610/month"
329,Hyundai,Grand  i10,2017,Manual,"57,256",2nd,Petrol,"₹5,35,899","₹10,477/month"
330,Maruti,Alto  K10,2017,Manual,"52,080",1st,Petrol,"₹3,52,499","₹6,891/month"
331,Honda,City,2017,Manual,"73,848",1st,Petrol,"₹8,03,199","₹15,083/month"
332,Maruti,S  PRESSO,2020,Manual,"32,478",1st,Petrol,"₹4,69,099","₹9,171/month"
333,Skoda,Rapid,2017,Automatic,"85,126",2nd,Diesel,"₹7,93,899","₹15,521/month"
334,Hyundai,Elite  i20,2017,Manual,"41,010",1st,Petrol,"₹6,93,999","₹13,568/month"
335,Hyundai,Verna,2017,Manual,"71,424",1st,Petrol,"₹7,53,199","₹14,725/month"
336,Maruti,Alto  800,2018,Manual,"32,199",1st,Petrol,"₹3,26,699","₹6,387/month"
337,Maruti,S  PRESSO,2020,Manual,"75,044",1st,Petrol,"₹4,85,499","₹9,492/month"
338,Hyundai,Grand  i10,2017,Manual,"30,208",1st,Petrol,"₹5,54,699","₹10,844/month"
339,Tata,NEXON,2021,Manual,"16,793",1st,Diesel,"₹12,59,599","₹23,654/month"
340,Hyundai,Elite  i20,2018,Manual,"51,343",2nd,Diesel,"₹7,95,999","₹15,562/month"
341,Renault,Captur,2019,Manual,"47,446",1st,Diesel,"₹12,81,299","₹24,061/month"
342,Hyundai,Verna,2018,Automatic,"57,871",1st,Diesel,"₹10,75,999","₹20,206/month"
343,Hyundai,Verna,2017,Manual,"71,578",1st,Petrol,"₹7,87,899","₹15,404/month"
344,Maruti,Vitara  Brezza,2020,Automatic,"46,790",1st,Petrol,"₹11,49,499","₹21,586/month"
345,Maruti,Alto,2021,Manual,"4,796",1st,Petrol,"₹4,39,799","₹8,598/month"
346,Maruti,Wagon  R  1.0,2016,Manual,"70,998",1st,Petrol,"₹4,29,799","₹8,403/month"
347,Maruti,Alto  800,2018,Manual,"39,885",1st,Petrol,"₹3,32,099","₹6,493/month"
348,Maruti,Baleno,2021,Manual,"63,991",1st,Petrol,"₹6,99,899","₹13,683/month"
349,Maruti,Vitara  Brezza,2018,Automatic,"97,271",1st,Diesel,"₹8,19,499","₹15,389/month"
350,Maruti,S  PRESSO,2021,Manual,"29,604",1st,CNG,"₹5,09,499","₹9,961/month"
351,Maruti,IGNIS,2017,Manual,"86,513",1st,Petrol,"₹4,66,499","₹9,120/month"
352,Hyundai,Creta,2019,Automatic,"83,734",1st,Petrol,"₹13,58,199","₹25,506/month"
353,Hyundai,Elite  i20,2019,Manual,"59,444",1st,Petrol,"₹7,97,399","₹15,589/month"
354,Maruti,Baleno,2016,Manual,"65,642",1st,Petrol,"₹6,46,899","₹12,647/month"
355,Hyundai,Grand  i10,2017,Manual,"58,861",1st,Petrol,"₹5,35,799","₹10,475/month"
356,Maruti,S  PRESSO,2020,Manual,"23,538",1st,Petrol,"₹4,35,599","₹8,516/month"
357,Maruti,Alto,2021,Manual,"13,565",1st,Petrol,"₹3,99,599","₹7,812/month"
358,Maruti,Baleno,2020,Manual,"84,471",1st,Petrol,"₹6,91,899","₹13,527/month"
359,Maruti,Alto  K10,2018,Manual,"31,007",3rd,Petrol,"₹3,89,699","₹7,619/month"
360,Maruti,Alto  800,2018,Manual,"97,360",1st,Petrol,"₹3,24,299","₹6,340/month"
361,Hyundai,Verna,2018,Manual,"40,808",1st,Petrol,"₹10,14,599","₹19,053/month"
362,Hyundai,Elite  i20,2019,Manual,"56,973",1st,Petrol,"₹7,79,199","₹15,233/month"
363,Maruti,IGNIS,2017,Manual,"60,071",2nd,Petrol,"₹4,67,799","₹9,146/month"
364,Honda,City,2018,Manual,"55,618",1st,Petrol,"₹10,14,899","₹19,059/month"
365,Datsun,Redi  Go,2021,Manual,"33,063",2nd,Petrol,"₹3,94,599","₹7,714/month"
367,Maruti,Wagon  R  1.0,2014,Manual,"61,324",2nd,Petrol,"₹3,92,599","₹7,675/month"
369,Maruti,Alto,2019,Manual,"17,607",1st,Petrol,"₹4,13,999","₹8,094/month"
370,Maruti,Alto,2021,Manual,"8,924",1st,Petrol,"₹4,03,699","₹7,892/month"
371,Ford,Ecosport,2018,Manual,"24,544",1st,Petrol,"₹8,17,799","₹15,357/month"
372,Maruti,Alto  800,2019,Manual,"25,389",2nd,Petrol,"₹3,33,999","₹6,530/month"
373,Maruti,IGNIS,2021,Manual,"19,139",1st,Petrol,"₹6,45,799","₹12,625/month"
374,Maruti,Alto,2021,Manual,"18,493",1st,Petrol,"₹3,90,999","₹7,644/month"
375,Maruti,Alto,2020,Manual,"19,129",1st,Petrol,"₹3,79,599","₹7,421/month"
377,Honda,Amaze,2019,Automatic,"10,732",1st,Petrol,"₹8,69,999","₹16,338/month"
378,Hyundai,Verna,2017,Automatic,"93,464",1st,Diesel,"₹9,15,099","₹17,185/month"
379,Hyundai,i20  Active,2019,Manual,"21,726",1st,Petrol,"₹8,23,299","₹15,461/month"
380,Toyota,YARIS,2018,Manual,"11,345",1st,Petrol,"₹8,29,199","₹15,572/month"
381,Maruti,Alto,2021,Manual,"11,574",1st,Petrol,"₹4,20,999","₹8,231/month"
382,Maruti,Alto  K10,2019,Automatic,"59,487",2nd,Petrol,"₹4,61,999","₹9,032/month"
383,MG,HECTOR,2020,Manual,"68,965",1st,Diesel,"₹18,01,099","₹33,823/month"
384,Honda,WR-V,2019,Manual,"30,755",1st,Petrol,"₹8,53,399","₹16,026/month"
385,Hyundai,Grand  i10,2017,Automatic,"52,665",1st,Petrol,"₹6,21,499","₹12,150/month"
386,Maruti,S  PRESSO,2019,Manual,"26,656",1st,Petrol,"₹4,06,999","₹7,957/month"
387,Honda,WR-V,2021,Manual,"27,310",1st,Petrol,"₹10,19,799","₹19,151/month"
388,Jeep,Compass,2018,Manual,"58,328",1st,Diesel,"₹15,00,499","₹28,178/month"
389,Maruti,Ciaz,2018,Automatic,"74,856",2nd,Petrol,"₹8,14,399","₹15,294/month"
390,Maruti,Baleno,2017,Manual,"28,496",1st,Petrol,"₹7,12,199","₹13,924/month"
391,Jeep,Compass,2018,Automatic,"73,491",1st,Petrol,"₹14,44,099","₹27,119/month"
392,Jeep,Compass,2019,Manual,"50,070",1st,Diesel,"₹15,56,699","₹29,233/month"
393,Ford,Ecosport,2018,Manual,"65,491",1st,Petrol,"₹7,95,399","₹15,550/month"
394,Maruti,Baleno,2019,Manual,"80,139",1st,Petrol,"₹7,28,899","₹14,250/month"
395,Hyundai,Elite  i20,2018,Manual,"71,532",1st,Petrol,"₹7,39,699","₹14,461/month"
396,Hyundai,VENUE,2020,Manual,"22,431",1st,Petrol,"₹11,80,699","₹22,172/month"
397,Maruti,Alto  K10,2017,Manual,"22,526",1st,Petrol,"₹4,00,899","₹7,838/month"
398,Ford,Ecosport,2018,Manual,"75,139",1st,Diesel,"₹9,36,049","₹17,578/month"
400,Maruti,IGNIS,2017,Manual,"57,238",1st,Petrol,"₹5,42,499","₹10,606/month"
401,Maruti,Baleno,2020,Automatic,"26,356",2nd,Petrol,"₹8,64,699","₹16,238/month"
402,Maruti,S  Cross,2019,Manual,"48,876",1st,Diesel,"₹10,51,299","₹19,742/month"
403,Maruti,Baleno,2017,Manual,"46,851",1st,Petrol,"₹7,04,199","₹13,767/month"
404,Hyundai,Grand  i10,2017,Automatic,"24,034",2nd,Petrol,"₹6,32,099","₹12,358/month"
405,Hyundai,Grand  i10,2017,Automatic,"26,525",2nd,Petrol,"₹6,22,699","₹12,174/month"
406,Maruti,Baleno,2018,Manual,"45,909",1st,Petrol,"₹7,18,899","₹14,055/month"
407,Hyundai,VENUE,2020,Automatic,"23,748",1st,Petrol,"₹12,37,499","₹23,239/month"
408,Nissan,Micra  Active,2017,Manual,"82,629",2nd,Petrol,"₹4,18,499","₹8,182/month"
409,Toyota,YARIS,2018,Manual,"37,668",2nd,Petrol,"₹8,19,199","₹15,384/month"
410,Maruti,Alto,2019,Manual,"29,251",2nd,Petrol,"₹3,57,299","₹6,985/month"
411,Nissan,Micra  Active,2017,Manual,"69,834",1st,Petrol,"₹4,57,799","₹8,950/month"
412,Toyota,YARIS,2019,Manual,"61,586",1st,Petrol,"₹7,88,899","₹15,423/month"
413,Maruti,S  Cross,2020,Manual,"47,685",1st,Petrol,"₹11,62,299","₹21,827/month"
414,Hyundai,Tucson  New,2018,Automatic,"46,847",1st,Diesel,"₹18,74,099","₹35,194/month"
415,Maruti,IGNIS,2021,Automatic,"23,975",1st,Petrol,"₹8,36,899","₹15,716/month"
416,Maruti,Swift  Dzire,2012,Manual,"1,22,987",1st,Diesel,"₹4,40,999","₹8,622/month"
417,Maruti,Wagon  R  1.0,2015,Manual,"77,898",2nd,Petrol,"₹3,69,199","₹7,218/month"
418,Hyundai,Santro  Xing,2010,Manual,"30,754",1st,Petrol,"₹2,34,099","₹4,577/month"
419,Renault,Kwid,2018,Manual,"15,307",2nd,Petrol,"₹3,59,499","₹7,028/month"
420,Hyundai,i10,2010,Manual,"81,385",2nd,Petrol,"₹2,73,099","₹5,339/month"
421,Maruti,Swift,2011,Manual,"81,985",1st,Petrol,"₹3,82,749","₹7,483/month"
422,Maruti,Swift,2020,Manual,"61,278",1st,Petrol,"₹6,49,799","₹12,704/month"
423,Maruti,Swift,2020,Manual,"56,084",2nd,Petrol,"₹6,63,099","₹12,964/month"
424,Maruti,Swift  Dzire,2012,Manual,"99,947",1st,Diesel,"₹4,70,299","₹9,194/month"
425,Maruti,Swift  Dzire,2013,Manual,"90,314",1st,Diesel,"₹4,78,899","₹9,363/month"
426,Hyundai,Eon,2012,Manual,"22,674",2nd,Petrol,"₹2,54,299","₹4,972/month"
427,Maruti,A  Star,2010,Manual,"86,879",2nd,Petrol,"₹2,12,399","₹4,152/month"
428,Maruti,Swift  Dzire,2015,Manual,"94,556",1st,Petrol,"₹4,74,099","₹9,269/month"
429,Maruti,Swift,2012,Manual,"98,634",1st,Diesel,"₹3,74,399","₹7,320/month"
431,Maruti,Swift  Dzire,2017,Manual,"56,192",1st,Petrol,"₹5,78,999","₹11,320/month"
432,Maruti,Swift  Dzire,2012,Manual,"79,387",1st,Diesel,"₹4,79,599","₹9,376/month"
433,Maruti,Swift,2013,Manual,"99,906",1st,Diesel,"₹4,61,999","₹9,032/month"
435,Renault,Kwid,2018,Manual,"42,192",1st,Petrol,"₹4,13,999","₹8,094/month"
436,Maruti,Ertiga,2013,Manual,"98,340",1st,Diesel,"₹6,68,499","₹13,069/month"
437,Maruti,Swift,2013,Manual,"98,437",1st,Diesel,"₹4,55,299","₹8,901/month"
438,Maruti,Swift  Dzire,2014,Manual,"72,863",1st,Petrol,"₹4,93,899","₹9,656/month"
439,Maruti,Swift  Dzire,2013,Manual,"74,382",1st,Diesel,"₹5,04,199","₹9,857/month"
440,Maruti,Alto  K10,2013,Manual,"45,378",2nd,Petrol,"₹2,49,399","₹4,876/month"
441,Maruti,Swift,2018,Manual,"60,056",1st,Petrol,"₹5,56,199","₹10,874/month"
442,Maruti,Alto  800,2015,Manual,"69,091",1st,Petrol,"₹2,77,399","₹5,423/month"
443,Maruti,Swift,2017,Manual,"65,599",1st,Petrol,"₹5,90,699","₹11,548/month"
444,Maruti,Swift  Dzire,2017,Manual,"72,884",2nd,Diesel,"₹6,71,999","₹13,138/month"
445,Maruti,Swift  Dzire,2014,Manual,"55,177",1st,Diesel,"₹5,69,099","₹11,126/month"
446,Hyundai,i20,2013,Manual,"89,444",2nd,Diesel,"₹4,94,099","₹9,660/month"
447,Maruti,Swift,2018,Manual,"80,127",1st,Petrol,"₹6,85,899","₹13,409/month"
448,Maruti,Eeco,2019,Manual,"12,281",1st,Petrol,"₹4,84,199","₹9,466/month"
449,Hyundai,i20,2012,Manual,"64,189",1st,Petrol,"₹3,63,399","₹7,105/month"
450,Volkswagen,Polo,2021,Automatic,"21,965",1st,Petrol,"₹9,18,799","₹17,254/month"
451,Maruti,Vitara  Brezza,2018,Manual,"93,279",1st,Diesel,"₹8,09,499","₹15,202/month"
452,Maruti,Ritz,2014,Manual,"85,147",2nd,Petrol,"₹3,65,599","₹7,148/month"
453,Renault,TRIBER,2021,Manual,"17,363",1st,Petrol,"₹6,59,899","₹12,901/month"
454,Maruti,Baleno,2016,Automatic,"46,859",2nd,Petrol,"₹5,57,299","₹10,895/month"
455,Renault,Duster,2017,Manual,"68,608",1st,Diesel,"₹7,14,299","₹13,965/month"
456,Maruti,Dzire,2018,Automatic,"35,872",1st,Diesel,"₹8,86,399","₹16,646/month"
457,Hyundai,Elite  i20,2018,Manual,"31,111",1st,Diesel,"₹8,22,599","₹15,448/month"
458,Maruti,Dzire,2018,Automatic,"52,127",2nd,Petrol,"₹6,99,549","₹13,676/month"
459,Mahindra,XUV  3OO,2019,Manual,"96,610",1st,Diesel,"₹9,75,399","₹18,317/month"
460,Maruti,Baleno,2019,Manual,"79,989",2nd,Diesel,"₹7,53,099","₹14,723/month"
461,Maruti,Baleno,2021,Manual,"11,676",1st,Petrol,"₹8,26,199","₹15,515/month"
462,Hyundai,VENUE,2020,Automatic,"10,980",1st,Petrol,"₹11,76,499","₹22,093/month"
463,Volkswagen,Ameo,2017,Automatic,"89,638",1st,Diesel,"₹6,42,799","₹12,567/month"
464,Maruti,Dzire,2021,Manual,"54,556",2nd,Petrol,"₹8,11,899","₹15,247/month"
465,Maruti,Vitara  Brezza,2019,Automatic,"97,658",1st,Diesel,"₹8,97,399","₹16,852/month"
466,Toyota,Glanza,2020,Automatic,"38,883",1st,Petrol,"₹8,13,299","₹15,273/month"
467,Mahindra,MARAZZO,2020,Manual,"20,933",2nd,Diesel,"₹13,91,999","₹26,140/month"
